-- MySQL dump 10.13  Distrib 8.0.32, for Linux (x86_64)
--
-- Host: 127.0.0.1    Database: dsmt_student_platform
-- ------------------------------------------------------
-- Server version	8.0.32-0ubuntu0.22.04.2

/*!40101 SET @OLD_CHARACTER_SET_CLIENT=@@CHARACTER_SET_CLIENT */;
/*!40101 SET @OLD_CHARACTER_SET_RESULTS=@@CHARACTER_SET_RESULTS */;
/*!40101 SET @OLD_COLLATION_CONNECTION=@@COLLATION_CONNECTION */;
/*!50503 SET NAMES utf8mb4 */;
/*!40103 SET @OLD_TIME_ZONE=@@TIME_ZONE */;
/*!40103 SET TIME_ZONE='+00:00' */;
/*!40014 SET @OLD_UNIQUE_CHECKS=@@UNIQUE_CHECKS, UNIQUE_CHECKS=0 */;
/*!40014 SET @OLD_FOREIGN_KEY_CHECKS=@@FOREIGN_KEY_CHECKS, FOREIGN_KEY_CHECKS=0 */;
/*!40101 SET @OLD_SQL_MODE=@@SQL_MODE, SQL_MODE='NO_AUTO_VALUE_ON_ZERO' */;
/*!40111 SET @OLD_SQL_NOTES=@@SQL_NOTES, SQL_NOTES=0 */;

--
-- Table structure for table `admin`
--

DROP TABLE IF EXISTS `admin`;
/*!40101 SET @saved_cs_client     = @@character_set_client */;
/*!50503 SET character_set_client = utf8mb4 */;
CREATE TABLE `admin` (
  `id` binary(16) NOT NULL,
  `username` varchar(64) NOT NULL,
  `password` varchar(64) NOT NULL,
  PRIMARY KEY (`id`),
  UNIQUE KEY `username` (`username`)
) ENGINE=InnoDB DEFAULT CHARSET=utf8mb4 COLLATE=utf8mb4_0900_ai_ci;
/*!40101 SET character_set_client = @saved_cs_client */;

--
-- Dumping data for table `admin`
--

LOCK TABLES `admin` WRITE;
/*!40000 ALTER TABLE `admin` DISABLE KEYS */;
/*!40000 ALTER TABLE `admin` ENABLE KEYS */;
UNLOCK TABLES;

--
-- Table structure for table `booked_meeting`
--

DROP TABLE IF EXISTS `booked_meeting`;
/*!40101 SET @saved_cs_client     = @@character_set_client */;
/*!50503 SET character_set_client = utf8mb4 */;
CREATE TABLE `booked_meeting` (
  `id` binary(16) NOT NULL,
  `time_slot` binary(16) NOT NULL,
  `date` date NOT NULL,
  `student` binary(16) NOT NULL,
  PRIMARY KEY (`id`),
  UNIQUE KEY `booked_meeting_pk` (`time_slot`,`date`),
  KEY `booked_meeting___fk2` (`student`),
  CONSTRAINT `booked_meeting___fk` FOREIGN KEY (`time_slot`) REFERENCES `meeting_slot` (`id`) ON DELETE CASCADE ON UPDATE CASCADE,
  CONSTRAINT `booked_meeting___fk2` FOREIGN KEY (`student`) REFERENCES `student` (`id`) ON DELETE CASCADE ON UPDATE CASCADE
) ENGINE=InnoDB DEFAULT CHARSET=utf8mb4 COLLATE=utf8mb4_0900_ai_ci;
/*!40101 SET character_set_client = @saved_cs_client */;

--
-- Dumping data for table `booked_meeting`
--

LOCK TABLES `booked_meeting` WRITE;
/*!40000 ALTER TABLE `booked_meeting` DISABLE KEYS */;
/*!40000 ALTER TABLE `booked_meeting` ENABLE KEYS */;
UNLOCK TABLES;

--
-- Table structure for table `course`
--

DROP TABLE IF EXISTS `course`;
/*!40101 SET @saved_cs_client     = @@character_set_client */;
/*!50503 SET character_set_client = utf8mb4 */;
CREATE TABLE `course` (
  `id` int unsigned NOT NULL AUTO_INCREMENT,
  `name` varchar(64) NOT NULL,
  `professor` binary(16) NOT NULL,
  `description` text NOT NULL,
  PRIMARY KEY (`id`),
  KEY `course__professor.id_fk` (`professor`),
  CONSTRAINT `course__professor.id_fk` FOREIGN KEY (`professor`) REFERENCES `professor` (`id`) ON DELETE CASCADE ON UPDATE CASCADE
) ENGINE=InnoDB AUTO_INCREMENT=5 DEFAULT CHARSET=utf8mb4 COLLATE=utf8mb4_0900_ai_ci;
/*!40101 SET character_set_client = @saved_cs_client */;

--
-- Dumping data for table `course`
--

LOCK TABLES `course` WRITE;
/*!40000 ALTER TABLE `course` DISABLE KEYS */;
INSERT INTO `course` VALUES (2,'dsmt',_binary '\õYiŠÌ¹\í’û\äp¸\ÉW§','description'),(3,'foc',_binary '\õY|\rÌ¹\í’û\äp¸\ÉW§','description'),(4,'fmfss',_binary '\õYiŠÌ¹\í’û\äp¸\ÉW§','description');
/*!40000 ALTER TABLE `course` ENABLE KEYS */;
UNLOCK TABLES;

--
-- Table structure for table `meeting_slot`
--

DROP TABLE IF EXISTS `meeting_slot`;
/*!40101 SET @saved_cs_client     = @@character_set_client */;
/*!50503 SET character_set_client = utf8mb4 */;
CREATE TABLE `meeting_slot` (
  `id` binary(16) NOT NULL,
  `course` int unsigned NOT NULL,
  `weekday` int unsigned NOT NULL,
  `starting_time` time NOT NULL,
  PRIMARY KEY (`id`),
  KEY `meeting_slot_course_id_fk` (`course`),
  CONSTRAINT `meeting_slot_course_id_fk` FOREIGN KEY (`course`) REFERENCES `course` (`id`) ON DELETE CASCADE ON UPDATE CASCADE
) ENGINE=InnoDB DEFAULT CHARSET=utf8mb4 COLLATE=utf8mb4_0900_ai_ci;
/*!40101 SET character_set_client = @saved_cs_client */;

--
-- Dumping data for table `meeting_slot`
--

LOCK TABLES `meeting_slot` WRITE;
/*!40000 ALTER TABLE `meeting_slot` DISABLE KEYS */;
/*!40000 ALTER TABLE `meeting_slot` ENABLE KEYS */;
UNLOCK TABLES;

--
-- Table structure for table `professor`
--

DROP TABLE IF EXISTS `professor`;
/*!40101 SET @saved_cs_client     = @@character_set_client */;
/*!50503 SET character_set_client = utf8mb4 */;
CREATE TABLE `professor` (
  `id` binary(16) NOT NULL,
  `username` varchar(32) NOT NULL,
  `password` varchar(64) NOT NULL,
  `email` varchar(64) NOT NULL,
  `name` varchar(64) NOT NULL,
  `surname` varchar(64) NOT NULL,
  PRIMARY KEY (`id`),
  UNIQUE KEY `username` (`username`)
) ENGINE=InnoDB DEFAULT CHARSET=utf8mb4 COLLATE=utf8mb4_0900_ai_ci;
/*!40101 SET character_set_client = @saved_cs_client */;

--
-- Dumping data for table `professor`
--

LOCK TABLES `professor` WRITE;
/*!40000 ALTER TABLE `professor` DISABLE KEYS */;
INSERT INTO `professor` VALUES (_binary '\õYiŠÌ¹\í’û\äp¸\ÉW§','m.rossi','pass','m.rossi@unipi.it','Mario','Rossi'),(_binary '\õY|\rÌ¹\í’û\äp¸\ÉW§','g.bianchi','pass','g.bianchi@unipi.it','Gianni','Bianchi');
/*!40000 ALTER TABLE `professor` ENABLE KEYS */;
UNLOCK TABLES;

--
-- Table structure for table `student`
--

DROP TABLE IF EXISTS `student`;
/*!40101 SET @saved_cs_client     = @@character_set_client */;
/*!50503 SET character_set_client = utf8mb4 */;
CREATE TABLE `student` (
  `id` binary(16) NOT NULL,
  `username` varchar(32) NOT NULL,
  `password` varchar(64) NOT NULL,
  `email` varchar(64) NOT NULL,
  `name` varchar(64) NOT NULL,
  `surname` varchar(64) NOT NULL,
  `degree` varchar(64) NOT NULL,
  `language` varchar(64) NOT NULL,
  PRIMARY KEY (`id`),
  UNIQUE KEY `username` (`username`)
) ENGINE=InnoDB DEFAULT CHARSET=utf8mb4 COLLATE=utf8mb4_0900_ai_ci;
/*!40101 SET character_set_client = @saved_cs_client */;

--
-- Dumping data for table `student`
--

LOCK TABLES `student` WRITE;
/*!40000 ALTER TABLE `student` DISABLE KEYS */;
INSERT INTO `student` VALUES (_binary '\õˆ\ÚÌ¹\í’û\äp¸\ÉW§','f.lanzillo','pass','f.lanzillo@unipi.it','Fabrizio','Lanzillo','CE','ITA'),(_binary '\õˆwÌ¹\í’û\äp¸\ÉW§','f.montini','pass','f.montini@unipi.it','Federico','Montini','CE','ITA'),(_binary '\õˆ\ÉÌ¹\í’û\äp¸\ÉW§','r.sagramoni','pass','r.sagramoni@unipi.it','Riccardo','Sagramoni','CE','ITA');
/*!40000 ALTER TABLE `student` ENABLE KEYS */;
UNLOCK TABLES;

--
-- Table structure for table `student_starred_courses`
--

DROP TABLE IF EXISTS `student_starred_courses`;
/*!40101 SET @saved_cs_client     = @@character_set_client */;
/*!50503 SET character_set_client = utf8mb4 */;
CREATE TABLE `student_starred_courses` (
  `student` binary(16) NOT NULL,
  `course` int unsigned NOT NULL,
  PRIMARY KEY (`student`,`course`),
  KEY `course` (`course`),
  CONSTRAINT `student_starred_courses_ibfk_1` FOREIGN KEY (`student`) REFERENCES `student` (`id`),
  CONSTRAINT `student_starred_courses_ibfk_2` FOREIGN KEY (`course`) REFERENCES `course` (`id`) ON DELETE CASCADE ON UPDATE CASCADE
) ENGINE=InnoDB DEFAULT CHARSET=utf8mb4 COLLATE=utf8mb4_0900_ai_ci;
/*!40101 SET character_set_client = @saved_cs_client */;

--
-- Dumping data for table `student_starred_courses`
--

LOCK TABLES `student_starred_courses` WRITE;
/*!40000 ALTER TABLE `student_starred_courses` DISABLE KEYS */;
INSERT INTO `student_starred_courses` VALUES (_binary '\õˆ\ÚÌ¹\í’û\äp¸\ÉW§',2),(_binary '\õˆwÌ¹\í’û\äp¸\ÉW§',2),(_binary '\õˆ\ÉÌ¹\í’û\äp¸\ÉW§',2),(_binary '\õˆ\ÚÌ¹\í’û\äp¸\ÉW§',3),(_binary '\õˆwÌ¹\í’û\äp¸\ÉW§',4);
/*!40000 ALTER TABLE `student_starred_courses` ENABLE KEYS */;
UNLOCK TABLES;
/*!40103 SET TIME_ZONE=@OLD_TIME_ZONE */;

/*!40101 SET SQL_MODE=@OLD_SQL_MODE */;
/*!40014 SET FOREIGN_KEY_CHECKS=@OLD_FOREIGN_KEY_CHECKS */;
/*!40014 SET UNIQUE_CHECKS=@OLD_UNIQUE_CHECKS */;
/*!40101 SET CHARACTER_SET_CLIENT=@OLD_CHARACTER_SET_CLIENT */;
/*!40101 SET CHARACTER_SET_RESULTS=@OLD_CHARACTER_SET_RESULTS */;
/*!40101 SET COLLATION_CONNECTION=@OLD_COLLATION_CONNECTION */;
/*!40111 SET SQL_NOTES=@OLD_SQL_NOTES */;

-- Dump completed on 2023-03-27 18:14:35
